{
    "LEDPINs": [
        "50"
    ], 
    "tau": [
        0.00026179807909381347
    ], 
    "c2MScale": [
        0.817705726722421
    ], 
    "c2HScale": [
        0.49999999999999994
    ], 
    "SCScale": [
        0.08085000430857615
    ], 
    "tau_unc": [
        1.1681597145402806e-05
    ], 
    "c1Height": [
        217.11297597606995
    ], 
    "Channel": [
        450
    ], 
    "CExp": [
        1374.77199097943
    ], 
    "f_mu_unc": [
        1.821610269397953e-05
    ], 
    "c1Sigma": [
        0.00011474089001430385
    ], 
    "c1Sigma_unc": [
        8.361739679158478e-06
    ], 
    "Date": [
        "12/12/2019"
    ], 
    "c2SScale_unc": [
        0.2648525810445349
    ], 
    "c1Mu_unc": [
        9.741457208973063e-06
    ], 
    "SCScale_unc": [
        0.02119685404655214
    ], 
    "c2HScale_unc": [
        0.24696541967485353
    ], 
    "RunNumber": [
        "1231"
    ], 
    "c2MScale_unc": [
        0.09940589934796164
    ], 
    "f_mu": [
        0.00011866748065186008
    ], 
    "CExp_unc": [
        2.3804879098267878e-07
    ], 
    "V": [
        1450
    ], 
    "c1Height_unc": [
        96.05879396650603
    ], 
    "c2SScale": [
        0.5000000000000001
    ], 
    "LEDsOn": [
        "all"
    ], 
    "c1Mu": [
        0.00041210969884893865
    ]
}
