{
    "LEDPINs": [
        "50", 
        "50", 
        "50", 
        "50", 
        "50", 
        "50", 
        "50", 
        "50", 
        "50", 
        "50", 
        "50"
    ], 
    "tau": [
        0.00025499588555507924, 
        0.00019653350599075804, 
        0.0002172183444844414, 
        0.0002167115784669588, 
        0.00024445044741619655, 
        0.00022896601283182985, 
        0.000209408732280084, 
        0.00022860814196772782, 
        0.0002244420555856876, 
        0.0002288065053408274, 
        0.00023524652591662345
    ], 
    "c2MScale": [
        0.42301522054417945, 
        0.7419682986844359, 
        0.2301549573638305, 
        0.1733854986706713, 
        0.2807323312066477, 
        0.21094814409126106, 
        0.5111588634616511, 
        0.333105403091629, 
        0.31262335444254763, 
        0.33669243264401505, 
        0.2668319777267121
    ], 
    "c2HScale": [
        0.49999999999999994, 
        0.4999999999999999, 
        0.49999999999999933, 
        0.4999999999996376, 
        0.4999999999992462, 
        0.4999999999999997, 
        0.49999999999855305, 
        0.4999999999535642, 
        0.49999999999999994, 
        0.49999999999997735, 
        0.49999999999999994
    ], 
    "SCScale": [
        0.050414180270234914, 
        0.0022152636480981354, 
        1.9146603009859564e-16, 
        0.0014030876683013653, 
        0.05191762111991955, 
        0.008291907245223504, 
        0.006121888677741163, 
        0.006522329652331734, 
        0.006515212817886362, 
        0.006656146236557323, 
        0.006281678951536128
    ], 
    "tau_unc": [
        9.192912643048354e-06, 
        1.2211510557854743e-05, 
        9.056395145922834e-07, 
        9.330967984972307e-07, 
        7.946215770130395e-06, 
        1.3444865136385405e-06, 
        8.618040146938953e-06, 
        7.0144381477559215e-06, 
        6.002084755178194e-06, 
        2.7946867231531744e-06, 
        2.539274471701192e-06
    ], 
    "c1Height": [
        555.8201015115944, 
        379.6580763126445, 
        20.299774394301785, 
        22.19443791787373, 
        341.08836857312787, 
        26.44713895445709, 
        267.4727892936863, 
        205.59544503402418, 
        182.13888698496748, 
        154.03517573773289, 
        124.5653713515498
    ], 
    "Channel": [
        420, 
        426, 
        448, 
        459, 
        420, 
        423, 
        426, 
        426, 
        426, 
        426, 
        426
    ], 
    "CExp": [
        1005.9802459896607, 
        310.86214840281883, 
        339.6960242825642, 
        253.32325086350392, 
        1230.9177505999537, 
        322.33221782583405, 
        333.629760587972, 
        227.8923271784413, 
        252.985239986023, 
        269.43656342424316, 
        264.0989621196443
    ], 
    "f_mu_unc": [
        9.884602610545242e-06, 
        4.969004106672097e-06, 
        1.2113061921610258e-06, 
        7.911808878117701e-07, 
        8.693001069666682e-06, 
        1.448692738789794e-06, 
        3.817189091544668e-06, 
        2.545295030680343e-06, 
        2.4860574473692015e-06, 
        1.3270781093836291e-06, 
        1.3058874809083534e-06
    ], 
    "c1Sigma": [
        0.0004351188467396518, 
        0.0001510020738645976, 
        0.0009999999999999998, 
        0.0009106712109590169, 
        0.0008226256676675777, 
        0.0009999999999999998, 
        0.00016931633016639913, 
        0.00025392646320876537, 
        0.00028135612599452576, 
        0.00032478763137649524, 
        0.00044402760362014984
    ], 
    "c1Sigma_unc": [
        1.1758274574451707e-05, 
        8.150472660212908e-06, 
        4.334124224372976e-05, 
        4.8842627883811293e-05, 
        3.8838043814729104e-05, 
        4.1579943322778624e-05, 
        3.473015696951604e-06, 
        3.834784038016757e-06, 
        5.339694701144907e-06, 
        5.381542892891749e-06, 
        7.211188417765376e-06
    ], 
    "Date": [
        "12/30/2019", 
        "12/30/2019", 
        "12/30/2019", 
        "12/30/2019", 
        "12/30/2019", 
        "12/30/2019", 
        "12/30/2019", 
        "12/30/2019", 
        "12/30/2019", 
        "12/30/2019", 
        "12/30/2019"
    ], 
    "c2SScale_unc": [
        0.09446282084766609, 
        0.30171034009832093, 
        0.16106279900729678, 
        0.2429954495326229, 
        0.18713887316687097, 
        0.18930237238313127, 
        0.18753753969159886, 
        0.21663703692417466, 
        0.21427674835325758, 
        0.11194533817835743, 
        0.1122299810618101
    ], 
    "c1Mu_unc": [
        2.0740908272001265e-05, 
        3.0287439497153192e-05, 
        6.212310448807953e-05, 
        7.844292218953507e-05, 
        7.540945111087376e-05, 
        5.622349808084756e-05, 
        8.555679098921252e-06, 
        8.731464584160374e-06, 
        1.0548351948825026e-05, 
        1.0032493624850135e-05, 
        1.2268810049438117e-05
    ], 
    "SCScale_unc": [
        0.002590185054933298, 
        0.00048777070156885244, 
        0.0033455312311367878, 
        0.004095785237679539, 
        0.005520146381048026, 
        0.0029698417617197255, 
        0.00044481528963460665, 
        0.0004807953695776038, 
        0.0006659247346803435, 
        0.0005866521903482874, 
        0.0007136457526164328
    ], 
    "c2HScale_unc": [
        0.09175302234119312, 
        0.8886492088030365, 
        0.07938169899681373, 
        0.16585422442387965, 
        0.20046428790840398, 
        0.06280984505584519, 
        0.39093515754940256, 
        0.44396191856860184, 
        0.31892694599349475, 
        0.10062964760370127, 
        0.08595724066252503
    ], 
    "RunNumber": [
        "1279", 
        "1279", 
        "1279", 
        "1279", 
        "1280", 
        "1280", 
        "1280", 
        "1281", 
        "1282", 
        "1283", 
        "1284"
    ], 
    "c2MScale_unc": [
        0.05120447509109262, 
        0.5557747204400761, 
        0.0686833863006937, 
        0.15445750999455657, 
        0.16682634222537054, 
        0.06854275642296363, 
        0.18389225073683224, 
        0.26015274512292624, 
        0.2012302505840786, 
        0.07342050062985847, 
        0.07138332970361722
    ], 
    "f_mu": [
        8.969704446316063e-05, 
        2.5625582944558818e-05, 
        4.6357915242398454e-05, 
        3.488146599157554e-05, 
        9.77201987077558e-05, 
        4.9014135424050814e-05, 
        3.228463410499094e-05, 
        3.546713386454857e-05, 
        3.556740806232928e-05, 
        3.804648885924151e-05, 
        4.25713157984674e-05
    ], 
    "CExp_unc": [
        3.1828803008196017e-08, 
        3.6353391544103465e-06, 
        3.6462910988952237e-11, 
        8.725472464993854e-11, 
        1.2615998336427693e-09, 
        2.5023474934200318e-12, 
        4.081571765470695e-08, 
        1.0179706787710457e-08, 
        3.2588826639117715e-09, 
        7.070635290331289e-10, 
        9.520916527769118e-10
    ], 
    "V": [
        1800, 
        1800, 
        1800, 
        1800, 
        1900, 
        1900, 
        1900, 
        2000, 
        2050, 
        2100, 
        2200
    ], 
    "c1Height_unc": [
        10.96212452055699, 
        70.73883586657567, 
        0.47194256714102345, 
        0.7780522367439774, 
        10.315593487515466, 
        0.6178107329064163, 
        8.092222935376752, 
        3.9682592902277807, 
        3.211839734250827, 
        1.9610919305541832, 
        1.3455285027997528
    ], 
    "c2SScale": [
        0.5000000000015531, 
        0.5000000000000001, 
        0.5000000614236674, 
        0.5000000016518058, 
        0.5000016522454992, 
        0.5782411977228319, 
        0.5000000000865658, 
        0.5000000000830808, 
        0.5000000000000001, 
        0.5000000000000009, 
        0.5000000000000001
    ],