{
    "Gauss3": {
        "LEDPINs": [], 
        "c2MScale": [], 
        "c1Sigma": [], 
        "c2HScale_unc": [], 
        "RunNumber": [], 
        "c2MScale_unc": [], 
        "c1Sigma_unc": [], 
        "c1Height_unc": [], 
        "c2SScale": [], 
        "c1Mu": [], 
        "c2HScale": [], 
        "Date": [], 
        "c2SScale_unc": [], 
        "c1Mu_unc": [], 
        "c1Height": [], 
        "Channel": [], 
        "LEDsOn": []
    }, 
    "Gauss2": {
        "LEDPINs": [
            "5,6,10,28", 
            "5,6,10,28", 
            "5,6,10,28", 
            "5,6,10,28", 
            "5,6,10,28"
        ], 
        "c2MScale": [
            1.5000000000000002, 
            1.5000000000000164, 
            1.5000000000000004, 
            1.5000000000000002, 
            1.5000000000000002
        ], 
        "c1Sigma": [
            5.802244004933491e-05, 
            3.884231334907521e-05, 
            5.203511827916639e-05, 
            0.00044538353262316165, 
            5.5897515593532126e-05
        ], 
        "c2HScale_unc": [
            0.17259032676844865, 
            0.2383625363003866, 
            0.22528531097101984, 
            4.059866932909178, 
            0.16450422534189482
        ], 
        "RunNumber": [
            "1217", 
            "1217", 
            "1217", 
            "1217", 
            "1217"
        ], 
        "c2MScale_unc": [
            0.0711923840010185, 
            0.09102803451461233, 
            0.10303072959010683, 
            5.592567865803889, 
            0.12045222958519816
        ], 
        "c1Sigma_unc": [
            4.185652349652292e-06, 
            4.088530570742827e-06, 
            5.656110410236646e-06, 
            0.00020036201520937447, 
            4.116953003960198e-06
        ], 
        "c1Height_unc": [
            0.003739399527993074, 
            0.0015104978411384232, 
            0.002322467421855473, 
            0.5001178733362821, 
            0.0037855167995398745
        ], 
        "c2SScale": [
            1.4643123013123733, 
            1.9999999702401505, 
            1.5431479225329752, 
            1.0000000000001705, 
            1.6402088370296906
        ], 
        "c1Mu": [
            0.00034565538900606266, 
            0.0003039033436224256, 
            0.0003398575186222405, 
            0.0009999999999999987, 
            0.00035883500644374
        ], 
        "c2HScale": [
            0.3881241454797179, 
            0.48451547862528044, 
            0.3642859071833816, 
            0.12691105038058925, 
            0.2805667581404055
        ], 
        "Date": [
            "12/12/2019", 
            "12/12/2019", 
            "12/12/2019", 
            "12/12/2019", 
            "12/12/2019"
        ], 
        "c2SScale_unc": [
            0.5153018491238138, 
            0.9367166363119003, 
            0.8522404003779193, 
            3.6091150113909647, 
            0.8330680500218695
        ], 
        "c1Mu_unc": [
            5.601546324036072e-06, 
            4.173393383580742e-06, 
            6.890087288064012e-06, 
            0.0009041159823989406, 
            4.9920232540236615e-06
        ], 
        "c1Height": [
            0.030668700896602206, 
            0.010005842645213908, 
            0.014482594293443209, 
            0.1386464299135413, 
            0.030636946492754242
        ], 
        "Channel": [
            365, 
            368, 
            370, 
            356, 
            364
        ], 
        "LEDsOn": [
            "5,6,10,28", 
            "5,6,10,28", 
            "5,6,10,28", 
            "5,6,10,28", 
            "5,6,10,28"
        ]
    }
}